season,round,Driver_driverId,grid,position,positionText,points,FastestLap_rank,points_sprint
2020,1,bottas,1,1,1,25.0,2.0,0.0
2020,1,leclerc,7,2,2,18.0,4.0,0.0
2020,1,norris,3,3,3,16.0,1.0,0.0
2020,1,hamilton,5,4,4,12.0,3.0,0.0
2020,1,sainz,8,5,5,10.0,5.0,0.0
2020,1,perez,6,6,6,8.0,6.0,0.0
2020,1,gasly,12,7,7,6.0,11.0,0.0
2020,1,ocon,14,8,8,4.0,10.0,0.0
2020,1,giovinazzi,18,9,9,2.0,9.0,0.0
2020,1,vettel,11,10,10,1.0,8.0,0.0
2020,1,latifi,20,11,11,0.0,16.0,0.0
2020,1,kvyat,13,12,12,0.0,13.0,0.0
2020,1,albon,4,13,13,0.0,7.0,0.0
2020,1,raikkonen,19,14,R,0.0,12.0,0.0
2020,1,russell,17,15,R,0.0,14.0,0.0
2020,1,grosjean,15,16,R,0.0,17.0,0.0
2020,1,kevin_magnussen,16,17,R,0.0,20.0,0.0
2020,1,stroll,9,18,R,0.0,18.0,0.0
2020,1,ricciardo,10,19,R,0.0,19.0,0.0
2020,1,max_verstappen,2,20,R,0.0,15.0,0.0
2020,10,bottas,3,1,1,26.0,1.0,0.0
2020,10,max_verstappen,2,2,2,18.0,3.0,0.0
2020,10,hamilton,1,3,3,15.0,7.0,0.0
2020,10,perez,4,4,4,12.0,8.0,0.0
2020,10,ricciardo,5,5,5,10.0,6.0,0.0
2020,10,leclerc,10,6,6,8.0,11.0,0.0
2020,10,ocon,7,7,7,6.0,13.0,0.0
2020,10,kvyat,11,8,8,4.0,12.0,0.0
2020,10,gasly,9,9,9,2.0,2.0,0.0
2020,10,albon,15,10,10,1.0,9.0,0.0
2020,10,giovinazzi,17,11,11,0.0,16.0,0.0
2020,10,kevin_magnussen,18,12,12,0.0,17.0,0.0
2020,10,vettel,14,13,13,0.0,14.0,0.0
2020,10,raikkonen,19,14,14,0.0,10.0,0.0
2020,10,norris,8,15,15,0.0,5.0,0.0
2020,10,latifi,20,16,16,0.0,18.0,0.0
2020,10,grosjean,16,17,17,0.0,15.0,0.0
2020,10,russell,13,18,18,0.0,4.0,0.0
2020,10,sainz,6,19,R,0.0,,0.0
2020,10,stroll,12,20,R,0.0,,0.0
2020,11,hamilton,2,1,1,25.0,2.0,0.0
2020,11,max_verstappen,3,2,2,19.0,1.0,0.0
2020,11,ricciardo,6,3,3,15.0,3.0,0.0
2020,11,perez,9,4,4,12.0,4.0,0.0
2020,11,sainz,10,5,5,10.0,6.0,0.0
2020,11,gasly,12,6,6,8.0,5.0,0.0
2020,11,leclerc,4,7,7,6.0,10.0,0.0
2020,11,hulkenberg,20,8,8,4.0,11.0,0.0
2020,11,grosjean,16,9,9,2.0,14.0,0.0
2020,11,giovinazzi,14,10,10,1.0,12.0,0.0
2020,11,vettel,11,11,11,0.0,7.0,0.0
2020,11,raikkonen,19,12,12,0.0,9.0,0.0
2020,11,kevin_magnussen,15,13,13,0.0,8.0,0.0
2020,11,latifi,18,14,14,0.0,13.0,0.0
2020,11,kvyat,13,15,15,0.0,16.0,0.0
2020,11,norris,8,16,R,0.0,17.0,0.0
2020,11,albon,5,17,R,0.0,18.0,0.0
2020,11,ocon,7,18,R,0.0,19.0,0.0
2020,11,bottas,1,19,R,0.0,15.0,0.0
2020,11,russell,17,20,R,0.0,20.0,0.0
2020,12,hamilton,1,1,1,26.0,1.0,0.0
2020,12,bottas,2,2,2,18.0,2.0,0.0
2020,12,max_verstappen,3,3,3,15.0,4.0,0.0
2020,12,leclerc,4,4,4,12.0,7.0,0.0
2020,12,gasly,9,5,5,10.0,9.0,0.0
2020,12,sainz,7,6,6,8.0,6.0,0.0
2020,12,perez,5,7,7,6.0,11.0,0.0
2020,12,ocon,11,8,8,4.0,12.0,0.0
2020,12,ricciardo,10,9,9,2.0,14.0,0.0
2020,12,vettel,15,10,10,1.0,10.0,0.0
2020,12,raikkonen,16,11,11,0.0,15.0,0.0
2020,12,albon,6,12,12,0.0,5.0,0.0
2020,12,norris,8,13,13,0.0,3.0,0.0
2020,12,russell,14,14,14,0.0,13.0,0.0
2020,12,giovinazzi,17,15,15,0.0,20.0,0.0
2020,12,kevin_magnussen,19,16,16,0.0,16.0,0.0
2020,12,grosjean,18,17,17,0.0,17.0,0.0
2020,12,latifi,20,18,18,0.0,19.0,0.0
2020,12,kvyat,13,19,19,0.0,8.0,0.0
2020,12,stroll,12,20,R,0.0,18.0,0.0
2020,13,hamilton,2,1,1,26.0,1.0,0.0
2020,13,bottas,1,2,2,18.0,2.0,0.0
2020,13,ricciardo,5,3,3,15.0,4.0,0.0
2020,13,kvyat,8,4,4,12.0,6.0,0.0
2020,13,leclerc,7,5,5,10.0,12.0,0.0
2020,13,perez,11,6,6,8.0,9.0,0.0
2020,13,sainz,10,7,7,6.0,11.0,0.0
2020,13,norris,9,8,8,4.0,8.0,0.0
2020,13,raikkonen,18,9,9,2.0,10.0,0.0
2020,13,giovinazzi,20,10,10,1.0,15.0,0.0
2020,13,latifi,19,11,11,0.0,14.0,0.0
2020,13,vettel,14,12,12,0.0,7.0,0.0
2020,13,stroll,15,13,13,0.0,13.0,0.0
2020,13,grosjean,16,14,14,0.0,17.0,0.0
2020,13,albon,6,15,15,0.0,3.0,0.0
2020,13,russell,13,16,R,0.0,16.0,0.0
2020,13,max_verstappen,3,17,R,0.0,5.0,0.0
2020,13,kevin_magnussen,17,18,R,0.0,18.0,0.0
2020,13,ocon,12,19,R,0.0,19.0,0.0
2020,13,gasly,4,20,R,0.0,20.0,0.0
2020,14,hamilton,6,1,1,25.0,6.0,0.0
2020,14,perez,3,2,2,18.0,12.0,0.0
2020,14,vettel,11,3,3,15.0,8.0,0.0
2020,14,leclerc,12,4,4,12.0,11.0,0.0
2020,14,sainz,15,5,5,10.0,4.0,0.0
2020,14,max_verstappen,2,6,6,8.0,3.0,0.0
2020,14,albon,4,7,7,6.0,5.0,0.0
2020,14,norris,14,8,8,5.0,1.0,0.0
2020,14,stroll,1,9,9,2.0,10.0,0.0
2020,14,ricciardo,5,10,10,1.0,13.0,0.0
2020,14,ocon,7,11,11,0.0,16.0,0.0
2020,14,kvyat,16,12,12,0.0,17.0,0.0
2020,14,gasly,19,13,13,0.0,7.0,0.0
2020,14,bottas,9,14,14,0.0,2.0,0.0
2020,14,raikkonen,8,15,15,0.0,9.0,0.0
2020,14,russell,0,16,16,0.0,14.0,0.0
2020,14,kevin_magnussen,13,17,17,0.0,15.0,0.0
2020,14,grosjean,17,18,R,0.0,18.0,0.0
2020,14,latifi,0,19,R,0.0,19.0,0.0
2020,14,giovinazzi,10,20,R,0.0,20.0,0.0
2020,15,hamilton,1,1,1,25.0,3.0,0.0
2020,15,max_verstappen,3,2,2,19.0,1.0,0.0
2020,15,albon,4,3,3,15.0,10.0,0.0
2020,15,norris,9,4,4,12.0,7.0,0.0
2020,15,sainz,15,5,5,10.0,5.0,0.0
2020,15,gasly,8,6,6,8.0,16.0,0.0
2020,15,ricciardo,6,7,7,6.0,2.0,0.0
2020,15,bottas,2,8,8,4.0,4.0,0.0
2020,15,ocon,7,9,9,2.0,13.0,0.0
2020,15,leclerc,12,10,10,1.0,8.0,0.0
2020,15,kvyat,10,11,11,0.0,12.0,0.0
2020,15,russell,14,12,12,0.0,17.0,0.0
2020,15,vettel,11,13,13,0.0,11.0,0.0
2020,15,latifi,20,14,14,0.0,15.0,0.0
2020,15,raikkonen,17,15,15,0.0,6.0,0.0
2020,15,giovinazzi,16,16,16,0.0,14.0,0.0
2020,15,kevin_magnussen,18,17,17,0.0,18.0,0.0
2020,15,perez,5,18,18,0.0,9.0,0.0
2020,15,stroll,13,19,R,0.0,,0.0
2020,15,grosjean,19,20,R,0.0,,0.0
2020,16,perez,5,1,1,25.0,3.0,0.0
2020,16,ocon,11,2,2,18.0,12.0,0.0
2020,16,stroll,10,3,3,15.0,14.0,0.0
2020,16,sainz,8,4,4,12.0,9.0,0.0
2020,16,ricciardo,7,5,5,10.0,6.0,0.0
2020,16,albon,12,6,6,8.0,8.0,0.0
2020,16,kvyat,6,7,7,6.0,7.0,0.0
2020,16,bottas,1,8,8,4.0,2.0,0.0
2020,16,russell,2,9,9,3.0,1.0,0.0
2020,16,norris,19,10,10,1.0,11.0,0.0
2020,16,gasly,9,11,11,0.0,10.0,0.0
2020,16,vettel,13,12,12,0.0,5.0,0.0
2020,16,giovinazzi,14,13,13,0.0,4.0,0.0
2020,16,raikkonen,18,14,14,0.0,13.0,0.0
2020,16,kevin_magnussen,15,15,15,0.0,16.0,0.0
2020,16,aitken,17,16,16,0.0,15.0,0.0
2020,16,pietro_fittipaldi,20,17,17,0.0,17.0,0.0
2020,16,latifi,16,18,R,0.0,18.0,0.0
2020,16,max_verstappen,3,19,R,0.0,,0.0
2020,16,leclerc,4,20,R,0.0,,0.0
2020,17,max_verstappen,1,1,1,25.0,2.0,0.0
2020,17,bottas,2,2,2,18.0,3.0,0.0
2020,17,hamilton,3,3,3,15.0,5.0,0.0
2020,17,albon,5,4,4,12.0,4.0,0.0
2020,17,norris,4,5,5,10.0,12.0,0.0
2020,17,sainz,6,6,6,8.0,11.0,0.0
2020,17,ricciardo,11,7,7,7.0,1.0,0.0
2020,17,gasly,9,8,8,4.0,15.0,0.0
2020,17,ocon,10,9,9,2.0,18.0,0.0
2020,17,stroll,8,10,10,1.0,9.0,0.0
2020,17,kvyat,7,11,11,0.0,17.0,0.0
2020,17,raikkonen,15,12,12,0.0,14.0,0.0
2020,17,leclerc,12,13,13,0.0,10.0,0.0
2020,17,vettel,13,14,14,0.0,6.0,0.0
2020,17,russell,16,15,15,0.0,20.0,0.0
2020,17,giovinazzi,14,16,16,0.0,7.0,0.0
2020,17,latifi,18,17,17,0.0,16.0,0.0
2020,17,kevin_magnussen,20,18,18,0.0,13.0,0.0
2020,17,pietro_fittipaldi,17,19,19,0.0,8.0,0.0
2020,17,perez,19,20,R,0.0,19.0,0.0
2020,2,hamilton,1,1,1,25.0,3.0,0.0
2020,2,bottas,4,2,2,18.0,7.0,0.0
2020,2,max_verstappen,2,3,3,15.0,2.0,0.0
2020,2,albon,6,4,4,12.0,6.0,0.0
2020,2,norris,9,5,5,10.0,5.0,0.0
2020,2,perez,17,6,6,8.0,4.0,0.0
2020,2,stroll,12,7,7,6.0,10.0,0.0
2020,2,ricciardo,8,8,8,4.0,9.0,0.0
2020,2,sainz,3,9,9,3.0,1.0,0.0
2020,2,kvyat,13,10,10,1.0,13.0,0.0
2020,2,raikkonen,16,11,11,0.0,14.0,0.0
2020,2,kevin_magnussen,15,12,12,0.0,11.0,0.0
2020,2,grosjean,0,13,13,0.0,12.0,0.0
2020,2,giovinazzi,19,14,14,0.0,15.0,0.0
2020,2,gasly,7,15,15,0.0,8.0,0.0
2020,2,russell,11,16,16,0.0,16.0,0.0
2020,2,latifi,18,17,17,0.0,17.0,0.0
2020,2,ocon,5,18,R,0.0,18.0,0.0
2020,2,leclerc,14,19,R,0.0,19.0,0.0
2020,2,vettel,10,20,R,0.0,,0.0
2020,3,hamilton,1,1,1,26.0,1.0,0.0
2020,3,max_verstappen,7,2,2,18.0,4.0,0.0
2020,3,bottas,2,3,3,15.0,2.0,0.0
2020,3,stroll,3,4,4,12.0,3.0,0.0
2020,3,albon,13,5,5,10.0,5.0,0.0
2020,3,vettel,5,6,6,8.0,14.0,0.0
2020,3,perez,4,7,7,6.0,10.0,0.0
2020,3,ricciardo,11,8,8,4.0,7.0,0.0
2020,3,sainz,9,9,9,2.0,15.0,0.0
2020,3,kevin_magnussen,0,10,10,1.0,6.0,0.0
2020,3,leclerc,6,11,11,0.0,16.0,0.0
2020,3,kvyat,17,12,12,0.0,18.0,0.0
2020,3,norris,8,13,13,0.0,8.0,0.0
2020,3,ocon,14,14,14,0.0,13.0,0.0
2020,3,raikkonen,20,15,15,0.0,17.0,0.0
2020,3,grosjean,0,16,16,0.0,12.0,0.0
2020,3,giovinazzi,19,17,17,0.0,11.0,0.0
2020,3,russell,12,18,18,0.0,9.0,0.0
2020,3,latifi,15,19,19,0.0,19.0,0.0
2020,3,gasly,10,20,R,0.0,20.0,0.0
2020,4,hamilton,1,1,1,25.0,3.0,0.0
2020,4,max_verstappen,3,2,2,19.0,1.0,0.0
2020,4,leclerc,4,3,3,15.0,9.0,0.0
2020,4,ricciardo,8,4,4,12.0,5.0,0.0
2020,4,norris,5,5,5,10.0,12.0,0.0
2020,4,ocon,9,6,6,8.0,6.0,0.0
2020,4,gasly,11,7,7,6.0,7.0,0.0
2020,4,albon,12,8,8,4.0,2.0,0.0
2020,4,stroll,6,9,9,2.0,13.0,0.0
2020,4,vettel,10,10,10,1.0,15.0,0.0
2020,4,bottas,2,11,11,0.0,4.0,0.0
2020,4,russell,20,12,12,0.0,16.0,0.0
2020,4,sainz,7,13,13,0.0,10.0,0.0
2020,4,giovinazzi,15,14,14,0.0,17.0,0.0
2020,4,latifi,18,15,15,0.0,14.0,0.0
2020,4,grosjean,17,16,16,0.0,8.0,0.0
2020,4,raikkonen,16,17,17,0.0,11.0,0.0
2020,4,kvyat,19,18,R,0.0,18.0,0.0
2020,4,kevin_magnussen,14,19,R,0.0,,0.0
2020,4,hulkenberg,13,20,W,0.0,,0.0
2020,5,max_verstappen,4,1,1,25.0,2.0,0.0
2020,5,hamilton,2,2,2,19.0,1.0,0.0
2020,5,bottas,1,3,3,15.0,4.0,0.0
2020,5,leclerc,8,4,4,12.0,8.0,0.0
2020,5,albon,9,5,5,10.0,3.0,0.0
2020,5,stroll,6,6,6,8.0,15.0,0.0
2020,5,hulkenberg,3,7,7,6.0,6.0,0.0
2020,5,ocon,14,8,8,4.0,10.0,0.0
2020,5,norris,10,9,9,2.0,11.0,0.0
2020,5,kvyat,16,10,10,1.0,12.0,0.0
2020,5,gasly,7,11,11,0.0,7.0,0.0
2020,5,vettel,11,12,12,0.0,13.0,0.0
2020,5,sainz,12,13,13,0.0,9.0,0.0
2020,5,ricciardo,5,14,14,0.0,16.0,0.0
2020,5,raikkonen,20,15,15,0.0,18.0,0.0
2020,5,grosjean,13,16,16,0.0,14.0,0.0
2020,5,giovinazzi,19,17,17,0.0,19.0,0.0
2020,5,russell,15,18,18,0.0,17.0,0.0
2020,5,latifi,18,19,19,0.0,5.0,0.0
2020,5,kevin_magnussen,17,20,R,0.0,20.0,0.0
2020,6,hamilton,1,1,1,25.0,2.0,0.0
2020,6,max_verstappen,3,2,2,18.0,4.0,0.0
2020,6,bottas,2,3,3,16.0,1.0,0.0
2020,6,stroll,5,4,4,12.0,8.0,0.0
2020,6,perez,4,5,5,10.0,16.0,0.0
2020,6,sainz,7,6,6,8.0,5.0,0.0
2020,6,vettel,11,7,7,6.0,18.0,0.0
2020,6,albon,6,8,8,4.0,11.0,0.0
2020,6,gasly,10,9,9,2.0,17.0,0.0
2020,6,norris,8,10,10,1.0,13.0,0.0
2020,6,ricciardo,13,11,11,0.0,14.0,0.0
2020,6,kvyat,12,12,12,0.0,12.0,0.0
2020,6,ocon,15,13,13,0.0,10.0,0.0
2020,6,raikkonen,14,14,14,0.0,7.0,0.0
2020,6,kevin_magnussen,16,15,15,0.0,19.0,0.0
2020,6,giovinazzi,20,16,16,0.0,6.0,0.0
2020,6,russell,18,17,17,0.0,15.0,0.0
2020,6,latifi,19,18,18,0.0,9.0,0.0
2020,6,grosjean,17,19,19,0.0,3.0,0.0
2020,6,leclerc,9,20,R,0.0,20.0,0.0
2020,7,hamilton,1,1,1,25.0,2.0,0.0
2020,7,bottas,2,2,2,18.0,5.0,0.0
2020,7,max_verstappen,3,3,3,15.0,8.0,0.0
2020,7,ricciardo,4,4,4,13.0,1.0,0.0
2020,7,ocon,6,5,5,10.0,10.0,0.0
2020,7,albon,5,6,6,8.0,12.0,0.0
2020,7,norris,10,7,7,6.0,11.0,0.0
2020,7,gasly,12,8,8,4.0,3.0,0.0
2020,7,stroll,9,9,9,2.0,13.0,0.0
2020,7,perez,8,10,10,1.0,9.0,0.0
2020,7,kvyat,11,11,11,0.0,15.0,0.0
2020,7,raikkonen,16,12,12,0.0,14.0,0.0
2020,7,vettel,14,13,13,0.0,16.0,0.0
2020,7,leclerc,13,14,14,0.0,4.0,0.0
2020,7,grosjean,17,15,15,0.0,17.0,0.0
2020,7,latifi,19,16,16,0.0,6.0,0.0
2020,7,kevin_magnussen,20,17,17,0.0,7.0,0.0
2020,7,giovinazzi,18,18,R,0.0,19.0,0.0
2020,7,russell,15,19,R,0.0,18.0,0.0
2020,7,sainz,7,20,W,0.0,,0.0
2020,8,gasly,10,1,1,25.0,6.0,0.0
2020,8,sainz,3,2,2,18.0,2.0,0.0
2020,8,stroll,8,3,3,15.0,3.0,0.0
2020,8,norris,6,4,4,12.0,7.0,0.0
2020,8,bottas,2,5,5,10.0,5.0,0.0
2020,8,ricciardo,7,6,6,8.0,4.0,0.0
2020,8,hamilton,1,7,7,7.0,1.0,0.0
2020,8,ocon,12,8,8,4.0,11.0,0.0
2020,8,kvyat,11,9,9,2.0,10.0,0.0
2020,8,perez,4,10,10,1.0,8.0,0.0
2020,8,latifi,20,11,11,0.0,16.0,0.0
2020,8,grosjean,16,12,12,0.0,12.0,0.0
2020,8,raikkonen,14,13,13,0.0,13.0,0.0
2020,8,russell,19,14,14,0.0,9.0,0.0
2020,8,albon,9,15,15,0.0,15.0,0.0
2020,8,giovinazzi,18,16,16,0.0,14.0,0.0
2020,8,max_verstappen,5,17,R,0.0,17.0,0.0
2020,8,leclerc,13,18,R,0.0,19.0,0.0
2020,8,kevin_magnussen,15,19,R,0.0,18.0,0.0
2020,8,vettel,17,20,R,0.0,20.0,0.0
2020,9,hamilton,1,1,1,26.0,1.0,0.0
2020,9,bottas,2,2,2,18.0,2.0,0.0
2020,9,albon,4,3,3,15.0,3.0,0.0
2020,9,ricciardo,8,4,4,12.0,4.0,0.0
2020,9,perez,7,5,5,10.0,5.0,0.0
2020,9,norris,11,6,6,8.0,7.0,0.0
2020,9,kvyat,12,7,7,6.0,10.0,0.0
2020,9,leclerc,5,8,8,4.0,9.0,0.0
2020,9,raikkonen,13,9,9,2.0,6.0,0.0
2020,9,vettel,14,10,10,1.0,8.0,0.0
2020,9,russell,18,11,11,0.0,11.0,0.0
2020,9,grosjean,15,12,12,0.0,13.0,0.0
2020,9,stroll,6,13,R,0.0,12.0,0.0
2020,9,ocon,10,14,R,0.0,15.0,0.0
2020,9,latifi,19,15,R,0.0,14.0,0.0
2020,9,kevin_magnussen,20,16,R,0.0,17.0,0.0
2020,9,giovinazzi,17,17,R,0.0,16.0,0.0
2020,9,sainz,9,18,R,0.0,18.0,0.0
2020,9,max_verstappen,3,19,R,0.0,,0.0
2020,9,gasly,16,20,R,0.0,,0.0
2021,1,hamilton,2,1,1,25.0,4.0,0.0
2021,1,max_verstappen,1,2,2,18.0,2.0,0.0
2021,1,bottas,3,3,3,16.0,1.0,0.0
2021,1,norris,7,4,4,12.0,6.0,0.0
2021,1,perez,0,5,5,10.0,3.0,0.0
2021,1,leclerc,4,6,6,8.0,11.0,0.0
2021,1,ricciardo,6,7,7,6.0,10.0,0.0
2021,1,sainz,8,8,8,4.0,7.0,0.0
2021,1,tsunoda,13,9,9,2.0,8.0,0.0
2021,1,stroll,10,10,10,1.0,9.0,0.0
2021,1,raikkonen,14,11,11,0.0,14.0,0.0
2021,1,giovinazzi,12,12,12,0.0,13.0,0.0
2021,1,ocon,16,13,13,0.0,15.0,0.0
2021,1,russell,15,14,14,0.0,12.0,0.0
2021,1,vettel,20,15,15,0.0,16.0,0.0
2021,1,mick_schumacher,18,16,16,0.0,18.0,0.0
2021,1,gasly,5,17,17,0.0,5.0,0.0
2021,1,latifi,17,18,18,0.0,19.0,0.0
2021,1,alonso,9,19,R,0.0,17.0,0.0
2021,1,mazepin,19,20,R,0.0,,0.0
2021,10,hamilton,2,1,1,25.0,2.0,2.0
2021,10,leclerc,4,2,2,18.0,5.0,0.0
2021,10,bottas,3,3,3,15.0,4.0,1.0
2021,10,norris,5,4,4,12.0,9.0,0.0
2021,10,ricciardo,6,5,5,10.0,8.0,0.0
2021,10,sainz,10,6,6,8.0,7.0,0.0
2021,10,alonso,7,7,7,6.0,10.0,0.0
2021,10,stroll,14,8,8,4.0,12.0,0.0
2021,10,ocon,9,9,9,2.0,14.0,0.0
2021,10,tsunoda,16,10,10,1.0,6.0,0.0
2021,10,gasly,11,11,11,0.0,3.0,0.0
2021,10,russell,12,12,12,0.0,13.0,0.0
2021,10,giovinazzi,15,13,13,0.0,15.0,0.0
2021,10,latifi,17,14,14,0.0,16.0,0.0
2021,10,raikkonen,13,15,15,0.0,11.0,0.0
2021,10,perez,0,16,16,0.0,1.0,0.0
2021,10,mazepin,19,17,17,0.0,18.0,0.0
2021,10,mick_schumacher,18,18,18,0.0,17.0,0.0
2021,10,vettel,8,19,R,0.0,19.0,0.0
2021,10,max_verstappen,1,20,R,0.0,,3.0
2021,11,ocon,8,1,1,25.0,5.0,0.0
2021,11,hamilton,1,2,2,18.0,2.0,0.0
2021,11,sainz,15,3,3,15.0,6.0,0.0
2021,11,alonso,9,4,4,12.0,3.0,0.0
2021,11,gasly,5,5,5,11.0,1.0,0.0
2021,11,tsunoda,16,6,6,8.0,10.0,0.0
2021,11,latifi,18,7,7,6.0,14.0,0.0
2021,11,russell,17,8,8,4.0,9.0,0.0
2021,11,max_verstappen,3,9,9,2.0,4.0,0.0
2021,11,raikkonen,13,10,10,1.0,8.0,0.0
2021,11,ricciardo,11,11,11,0.0,13.0,0.0
2021,11,mick_schumacher,20,12,12,0.0,11.0,0.0
2021,11,giovinazzi,0,13,13,0.0,12.0,0.0
2021,11,mazepin,19,14,R,0.0,,0.0
2021,11,norris,6,15,R,0.0,,0.0
2021,11,bottas,2,16,R,0.0,,0.0
2021,11,perez,4,17,R,0.0,,0.0
2021,11,leclerc,7,18,R,0.0,,0.0
2021,11,stroll,12,19,R,0.0,,0.0
2021,11,vettel,10,20,D,0.0,7.0,0.0
2021,12,max_verstappen,1,1,1,12.5,,0.0
2021,12,russell,2,2,2,9.0,,0.0
2021,12,hamilton,3,3,3,7.5,,0.0
2021,12,ricciardo,4,4,4,6.0,,0.0
2021,12,vettel,5,5,5,5.0,,0.0
2021,12,gasly,6,6,6,4.0,,0.0
2021,12,ocon,8,7,7,3.0,,0.0
2021,12,leclerc,9,8,8,2.0,,0.0
2021,12,latifi,10,9,9,1.0,,0.0
2021,12,sainz,11,10,10,0.5,,0.0
2021,12,alonso,12,11,11,0.0,,0.0
2021,12,bottas,13,12,12,0.0,,0.0
2021,12,giovinazzi,14,13,13,0.0,,0.0
2021,12,norris,15,14,14,0.0,,0.0
2021,12,tsunoda,16,15,15,0.0,,0.0
2021,12,mick_schumacher,17,16,16,0.0,,0.0
2021,12,mazepin,18,17,17,0.0,,0.0
2021,12,raikkonen,0,18,18,0.0,,0.0
2021,12,perez,0,19,19,0.0,,0.0
2021,12,stroll,19,20,20,0.0,,0.0
2021,13,max_verstappen,1,1,1,25.0,3.0,0.0
2021,13,hamilton,2,2,2,19.0,1.0,0.0
2021,13,bottas,3,3,3,15.0,2.0,0.0
2021,13,gasly,4,4,4,12.0,10.0,0.0
2021,13,leclerc,5,5,5,10.0,9.0,0.0
2021,13,alonso,9,6,6,8.0,7.0,0.0
2021,13,sainz,6,7,7,6.0,13.0,0.0
2021,13,perez,0,8,8,4.0,4.0,0.0
2021,13,ocon,8,9,9,2.0,8.0,0.0
2021,13,norris,13,10,10,1.0,6.0,0.0
2021,13,ricciardo,10,11,11,0.0,11.0,0.0
2021,13,stroll,12,12,12,0.0,15.0,0.0
2021,13,vettel,15,13,13,0.0,5.0,0.0
2021,13,giovinazzi,7,14,14,0.0,12.0,0.0
2021,13,kubica,16,15,15,0.0,14.0,0.0
2021,13,latifi,0,16,16,0.0,18.0,0.0
2021,13,russell,11,17,17,0.0,16.0,0.0
2021,13,mick_schumacher,17,18,18,0.0,19.0,0.0
2021,13,tsunoda,14,19,R,0.0,17.0,0.0
2021,13,mazepin,18,20,R,0.0,20.0,0.0
2021,14,ricciardo,2,1,1,26.0,1.0,1.0
2021,14,norris,3,2,2,18.0,3.0,0.0
2021,14,bottas,19,3,3,15.0,2.0,3.0
2021,14,leclerc,5,4,4,12.0,6.0,0.0
2021,14,perez,8,5,5,10.0,4.0,0.0
2021,14,sainz,6,6,6,8.0,8.0,0.0
2021,14,stroll,9,7,7,6.0,13.0,0.0
2021,14,alonso,10,8,8,4.0,7.0,0.0
2021,14,russell,14,9,9,2.0,11.0,0.0
2021,14,ocon,12,10,10,1.0,9.0,0.0
2021,14,latifi,13,11,11,0.0,16.0,0.0
2021,14,vettel,11,12,12,0.0,15.0,0.0
2021,14,giovinazzi,7,13,13,0.0,10.0,0.0
2021,14,kubica,17,14,14,0.0,12.0,0.0
2021,14,mick_schumacher,18,15,15,0.0,17.0,0.0
2021,14,mazepin,16,16,R,0.0,18.0,0.0
2021,14,hamilton,4,17,R,0.0,14.0,0.0
2021,14,max_verstappen,1,18,R,0.0,5.0,2.0
2021,14,gasly,0,19,R,0.0,19.0,0.0
2021,14,tsunoda,0,20,W,0.0,,0.0
2021,15,hamilton,4,1,1,25.0,2.0,0.0
2021,15,max_verstappen,20,2,2,18.0,5.0,0.0
2021,15,sainz,2,3,3,15.0,12.0,0.0
2021,15,ricciardo,5,4,4,12.0,9.0,0.0
2021,15,bottas,16,5,5,10.0,3.0,0.0
2021,15,alonso,6,6,6,8.0,6.0,0.0
2021,15,norris,1,7,7,7.0,1.0,0.0
2021,15,raikkonen,13,8,8,4.0,16.0,0.0
2021,15,perez,8,9,9,2.0,10.0,0.0
2021,15,russell,3,10,10,1.0,18.0,0.0
2021,15,stroll,7,11,11,0.0,17.0,0.0
2021,15,vettel,10,12,12,0.0,11.0,0.0
2021,15,gasly,11,13,13,0.0,4.0,0.0
2021,15,ocon,9,14,14,0.0,19.0,0.0
2021,15,leclerc,19,15,15,0.0,7.0,0.0
2021,15,giovinazzi,17,16,16,0.0,8.0,0.0
2021,15,tsunoda,12,17,17,0.0,13.0,0.0
2021,15,mazepin,15,18,18,0.0,20.0,0.0
2021,15,latifi,18,19,19,0.0,14.0,0.0
2021,15,mick_schumacher,14,20,R,0.0,15.0,0.0
2021,16,bottas,1,1,1,26.0,1.0,0.0
2021,16,max_verstappen,2,2,2,18.0,9.0,0.0
2021,16,perez,6,3,3,15.0,4.0,0.0
2021,16,leclerc,3,4,4,12.0,8.0,0.0
2021,16,hamilton,11,5,5,10.0,10.0,0.0
2021,16,gasly,4,6,6,8.0,11.0,0.0
2021,16,norris,7,7,7,6.0,3.0,0.0
2021,16,sainz,19,8,8,4.0,2.0,0.0
2021,16,stroll,8,9,9,2.0,6.0,0.0
2021,16,ocon,12,10,10,1.0,19.0,0.0
2021,16,giovinazzi,16,11,11,0.0,13.0,0.0
2021,16,raikkonen,17,12,12,0.0,5.0,0.0
2021,16,ricciardo,20,13,13,0.0,15.0,0.0
2021,16,tsunoda,9,14,14,0.0,12.0,0.0
2021,16,russell,13,15,15,0.0,16.0,0.0
2021,16,alonso,5,16,16,0.0,14.0,0.0
2021,16,latifi,15,17,17,0.0,17.0,0.0
2021,16,vettel,10,18,18,0.0,7.0,0.0
2021,16,mick_schumacher,14,19,19,0.0,18.0,0.0
2021,16,mazepin,18,20,20,0.0,20.0,0.0
2021,17,max_verstappen,1,1,1,25.0,2.0,0.0
2021,17,hamilton,2,2,2,19.0,1.0,0.0
2021,17,perez,3,3,3,15.0,4.0,0.0
2021,17,leclerc,4,4,4,12.0,3.0,0.0
2021,17,ricciardo,6,5,5,10.0,8.0,0.0
2021,17,bottas,9,6,6,8.0,6.0,0.0
2021,17,sainz,5,7,7,6.0,9.0,0.0
2021,17,norris,7,8,8,4.0,7.0,0.0
2021,17,tsunoda,10,9,9,2.0,13.0,0.0
2021,17,vettel,18,10,10,1.0,10.0,0.0
2021,17,giovinazzi,12,11,11,0.0,12.0,0.0
2021,17,stroll,13,12,12,0.0,14.0,0.0
2021,17,raikkonen,15,13,13,0.0,15.0,0.0
2021,17,russell,20,14,14,0.0,11.0,0.0
2021,17,latifi,14,15,15,0.0,17.0,0.0
2021,17,mick_schumacher,16,16,16,0.0,16.0,0.0
2021,17,mazepin,17,17,17,0.0,20.0,0.0
2021,17,alonso,19,18,R,0.0,5.0,0.0
2021,17,ocon,11,19,R,0.0,19.0,0.0
2021,17,gasly,8,20,R,0.0,18.0,0.0
2021,18,max_verstappen,3,1,1,25.0,2.0,0.0
2021,18,hamilton,2,2,2,18.0,4.0,0.0
2021,18,perez,4,3,3,15.0,3.0,0.0
2021,18,gasly,5,4,4,12.0,7.0,0.0
2021,18,leclerc,8,5,5,10.0,9.0,0.0
2021,18,sainz,6,6,6,8.0,5.0,0.0
2021,18,vettel,9,7,7,6.0,6.0,0.0
2021,18,raikkonen,10,8,8,4.0,11.0,0.0
2021,18,alonso,12,9,9,2.0,10.0,0.0
2021,18,norris,18,10,10,1.0,8.0,0.0
2021,18,giovinazzi,11,11,11,0.0,16.0,0.0
2021,18,ricciardo,7,12,12,0.0,13.0,0.0
2021,18,ocon,19,13,13,0.0,14.0,0.0
2021,18,stroll,20,14,14,0.0,12.0,0.0
2021,18,bottas,1,15,15,0.0,1.0,0.0
2021,18,russell,16,16,16,0.0,18.0,0.0
2021,18,latifi,13,17,17,0.0,17.0,0.0
2021,18,mazepin,15,18,18,0.0,15.0,0.0
2021,18,mick_schumacher,14,19,R,0.0,,0.0
2021,18,tsunoda,17,20,R,0.0,,0.0
2021,19,hamilton,10,1,1,25.0,2.0,0.0
2021,19,max_verstappen,2,2,2,18.0,3.0,2.0
2021,19,bottas,1,3,3,15.0,4.0,3.0
2021,19,perez,4,4,4,13.0,1.0,0.0
2021,19,leclerc,6,5,5,10.0,7.0,0.0
2021,19,sainz,3,6,6,8.0,6.0,1.0
2021,19,gasly,7,7,7,6.0,8.0,0.0
2021,19,ocon,8,8,8,4.0,16.0,0.0
2021,19,alonso,12,9,9,2.0,12.0,0.0
2021,19,norris,5,10,10,1.0,10.0,0.0
2021,19,vettel,9,11,11,0.0,9.0,0.0
2021,19,raikkonen,0,12,12,0.0,5.0,0.0
2021,19,russell,17,13,13,0.0,15.0,0.0
2021,19,giovinazzi,13,14,14,0.0,14.0,0.0
2021,19,tsunoda,15,15,15,0.0,13.0,0.0
2021,19,latifi,16,16,16,0.0,18.0,0.0
2021,19,mazepin,19,17,17,0.0,19.0,0.0
2021,19,mick_schumacher,18,18,18,0.0,11.0,0.0
2021,19,ricciardo,11,19,R,0.0,17.0,0.0
2021,19,stroll,14,20,R,0.0,20.0,0.0
2021,2,max_verstappen,3,1,1,25.0,2.0,0.0
2021,2,hamilton,1,2,2,19.0,1.0,0.0
2021,2,norris,7,3,3,15.0,3.0,0.0
2021,2,leclerc,4,4,4,12.0,6.0,0.0
2021,2,sainz,11,5,5,10.0,7.0,0.0
2021,2,ricciardo,6,6,6,8.0,12.0,0.0
2021,2,gasly,5,7,7,6.0,9.0,0.0
2021,2,stroll,10,8,8,4.0,8.0,0.0
2021,2,ocon,9,9,9,2.0,15.0,0.0
2021,2,alonso,15,10,10,1.0,14.0,0.0
2021,2,perez,2,11,11,0.0,13.0,0.0
2021,2,tsunoda,20,12,12,0.0,4.0,0.0
2021,2,raikkonen,16,13,13,0.0,5.0,0.0
2021,2,giovinazzi,17,14,14,0.0,16.0,0.0
2021,2,vettel,0,15,15,0.0,10.0,0.0
2021,2,mick_schumacher,18,16,16,0.0,11.0,0.0
2021,2,mazepin,19,17,17,0.0,17.0,0.0
2021,2,bottas,8,18,R,0.0,19.0,0.0
2021,2,russell,12,19,R,0.0,18.0,0.0
2021,2,latifi,14,20,R,0.0,,0.0
2021,20,hamilton,1,1,1,25.0,2.0,0.0
2021,20,max_verstappen,7,2,2,19.0,1.0,0.0
2021,20,alonso,3,3,3,15.0,10.0,0.0
2021,20,perez,11,4,4,12.0,3.0,0.0
2021,20,ocon,9,5,5,10.0,13.0,0.0
2021,20,stroll,12,6,6,8.0,17.0,0.0
2021,20,sainz,5,7,7,6.0,9.0,0.0
2021,20,leclerc,13,8,8,4.0,8.0,0.0
2021,20,norris,4,9,9,2.0,4.0,0.0
2021,20,vettel,10,10,10,1.0,7.0,0.0
2021,20,gasly,2,11,11,0.0,11.0,0.0
2021,20,ricciardo,14,12,12,0.0,14.0,0.0
2021,20,tsunoda,8,13,13,0.0,12.0,0.0
2021,20,raikkonen,16,14,14,0.0,6.0,0.0
2021,20,giovinazzi,18,15,15,0.0,18.0,0.0
2021,20,mick_schumacher,19,16,16,0.0,19.0,0.0
2021,20,russell,15,17,17,0.0,5.0,0.0
2021,20,mazepin,20,18,18,0.0,16.0,0.0
2021,20,latifi,17,19,R,0.0,20.0,0.0
2021,20,bottas,6,20,R,0.0,15.0,0.0
2021,21,hamilton,1,1,1,26.0,1.0,0.0
2021,21,max_verstappen,3,2,2,18.0,3.0,0.0
2021,21,bottas,2,3,3,15.0,2.0,0.0
2021,21,ocon,9,4,4,12.0,6.0,0.0
2021,21,ricciardo,11,5,5,10.0,11.0,0.0
2021,21,gasly,6,6,6,8.0,9.0,0.0
2021,21,leclerc,4,7,7,6.0,4.0,0.0
2021,21,sainz,15,8,8,4.0,7.0,0.0
2021,21,giovinazzi,10,9,9,2.0,15.0,0.0
2021,21,norris,7,10,10,1.0,8.0,0.0
2021,21,stroll,18,11,11,0.0,14.0,0.0
2021,21,latifi,16,12,12,0.0,12.0,0.0
2021,21,alonso,13,13,13,0.0,5.0,0.0
2021,21,tsunoda,8,14,14,0.0,10.0,0.0
2021,21,raikkonen,12,15,15,0.0,13.0,0.0
2021,21,vettel,17,16,R,0.0,16.0,0.0
2021,21,perez,5,17,R,0.0,17.0,0.0
2021,21,mazepin,20,18,R,0.0,20.0,0.0
2021,21,russell,14,19,R,0.0,19.0,0.0
2021,21,mick_schumacher,19,20,R,0.0,18.0,0.0
2021,22,max_verstappen,1,1,1,26.0,1.0,0.0
2021,22,hamilton,2,2,2,18.0,3.0,0.0
2021,22,sainz,5,3,3,15.0,9.0,0.0
2021,22,tsunoda,8,4,4,12.0,7.0,0.0
2021,22,gasly,12,5,5,10.0,6.0,0.0
2021,22,bottas,6,6,6,8.0,5.0,0.0
2021,22,norris,3,7,7,6.0,4.0,0.0
2021,22,alonso,11,8,8,4.0,8.0,0.0
2021,22,ocon,9,9,9,2.0,10.0,0.0
2021,22,leclerc,7,10,10,1.0,12.0,0.0
2021,22,vettel,15,11,11,0.0,11.0,0.0
2021,22,ricciardo,10,12,12,0.0,14.0,0.0
2021,22,stroll,13,13,13,0.0,13.0,0.0
2021,22,mick_schumacher,19,14,14,0.0,17.0,0.0
2021,22,perez,4,15,15,0.0,2.0,0.0
2021,22,latifi,16,16,R,0.0,15.0,0.0
2021,22,giovinazzi,14,17,R,0.0,16.0,0.0
2021,22,russell,17,18,R,0.0,19.0,0.0
2021,22,raikkonen,18,19,R,0.0,18.0,0.0
2021,22,mazepin,20,20,W,0.0,,0.0
2021,3,hamilton,2,1,1,25.0,4.0,0.0
2021,3,max_verstappen,3,2,2,18.0,3.0,0.0
2021,3,bottas,1,3,3,16.0,1.0,0.0
2021,3,perez,4,4,4,12.0,2.0,0.0
2021,3,norris,7,5,5,10.0,7.0,0.0
2021,3,leclerc,8,6,6,8.0,6.0,0.0
2021,3,ocon,6,7,7,6.0,8.0,0.0
2021,3,alonso,13,8,8,4.0,5.0,0.0
2021,3,ricciardo,16,9,9,2.0,10.0,0.0
2021,3,gasly,9,10,10,1.0,11.0,0.0
2021,3,sainz,5,11,11,0.0,14.0,0.0
2021,3,giovinazzi,12,12,12,0.0,13.0,0.0
2021,3,vettel,10,13,13,0.0,15.0,0.0
2021,3,stroll,17,14,14,0.0,9.0,0.0
2021,3,tsunoda,14,15,15,0.0,12.0,0.0
2021,3,russell,11,16,16,0.0,16.0,0.0
2021,3,mick_schumacher,19,17,17,0.0,17.0,0.0
2021,3,latifi,18,18,18,0.0,18.0,0.0
2021,3,mazepin,20,19,19,0.0,19.0,0.0
2021,3,raikkonen,15,20,R,0.0,,0.0
2021,4,hamilton,1,1,1,25.0,5.0,0.0
2021,4,max_verstappen,2,2,2,19.0,1.0,0.0
2021,4,bottas,3,3,3,15.0,2.0,0.0
2021,4,leclerc,4,4,4,12.0,4.0,0.0
2021,4,perez,8,5,5,10.0,3.0,0.0
2021,4,ricciardo,7,6,6,8.0,10.0,0.0
2021,4,sainz,6,7,7,6.0,9.0,0.0
2021,4,norris,9,8,8,4.0,7.0,0.0
2021,4,ocon,5,9,9,2.0,18.0,0.0
2021,4,gasly,12,10,10,1.0,8.0,0.0
2021,4,stroll,11,11,11,0.0,11.0,0.0
2021,4,raikkonen,17,12,12,0.0,15.0,0.0
2021,4,vettel,13,13,13,0.0,14.0,0.0
2021,4,russell,15,14,14,0.0,17.0,0.0
2021,4,giovinazzi,14,15,15,0.0,13.0,0.0
2021,4,latifi,19,16,16,0.0,16.0,0.0
2021,4,alonso,10,17,17,0.0,6.0,0.0
2021,4,mick_schumacher,18,18,18,0.0,12.0,0.0
2021,4,mazepin,20,19,19,0.0,19.0,0.0
2021,4,tsunoda,16,20,R,0.0,20.0,0.0
2021,5,max_verstappen,2,1,1,25.0,6.0,0.0
2021,5,sainz,4,2,2,18.0,5.0,0.0
2021,5,norris,5,3,3,15.0,7.0,0.0
2021,5,perez,9,4,4,12.0,3.0,0.0
2021,5,vettel,8,5,5,10.0,11.0,0.0
2021,5,gasly,6,6,6,8.0,14.0,0.0
2021,5,hamilton,7,7,7,7.0,1.0,0.0
2021,5,stroll,13,8,8,4.0,8.0,0.0
2021,5,ocon,11,9,9,2.0,12.0,0.0
2021,5,giovinazzi,10,10,10,1.0,13.0,0.0
2021,5,raikkonen,14,11,11,0.0,9.0,0.0
2021,5,ricciardo,12,12,12,0.0,4.0,0.0
2021,5,alonso,17,13,13,0.0,10.0,0.0
2021,5,russell,15,14,14,0.0,15.0,0.0
2021,5,latifi,18,15,15,0.0,16.0,0.0
2021,5,tsunoda,16,16,16,0.0,2.0,0.0
2021,5,mazepin,19,17,17,0.0,19.0,0.0
2021,5,mick_schumacher,20,18,18,0.0,18.0,0.0
2021,5,bottas,3,19,R,0.0,17.0,0.0
2021,5,leclerc,1,20,W,0.0,,0.0
2021,6,perez,6,1,1,25.0,2.0,0.0
2021,6,vettel,11,2,2,18.0,4.0,0.0
2021,6,gasly,4,3,3,15.0,6.0,0.0
2021,6,leclerc,1,4,4,12.0,8.0,0.0
2021,6,norris,9,5,5,10.0,7.0,0.0
2021,6,alonso,8,6,6,8.0,11.0,0.0
2021,6,tsunoda,7,7,7,6.0,5.0,0.0
2021,6,sainz,5,8,8,4.0,13.0,0.0
2021,6,ricciardo,13,9,9,2.0,14.0,0.0
2021,6,raikkonen,14,10,10,1.0,10.0,0.0
2021,6,giovinazzi,20,11,11,0.0,9.0,0.0
2021,6,bottas,10,12,12,0.0,12.0,0.0
2021,6,mick_schumacher,17,13,13,0.0,18.0,0.0
2021,6,mazepin,18,14,14,0.0,19.0,0.0
2021,6,hamilton,2,15,15,0.0,3.0,0.0
2021,6,latifi,16,16,16,0.0,17.0,0.0
2021,6,russell,15,17,R,0.0,15.0,0.0
2021,6,max_verstappen,3,18,R,0.0,1.0,0.0
2021,6,stroll,19,19,R,0.0,16.0,0.0
2021,6,ocon,12,20,R,0.0,20.0,0.0
2021,7,max_verstappen,1,1,1,26.0,1.0,0.0
2021,7,hamilton,2,2,2,18.0,5.0,0.0
2021,7,perez,4,3,3,15.0,2.0,0.0
2021,7,bottas,3,4,4,12.0,3.0,0.0
2021,7,norris,8,5,5,10.0,6.0,0.0
2021,7,ricciardo,10,6,6,8.0,14.0,0.0
2021,7,gasly,6,7,7,6.0,11.0,0.0
2021,7,alonso,9,8,8,4.0,7.0,0.0
2021,7,vettel,12,9,9,2.0,4.0,0.0
2021,7,stroll,19,10,10,1.0,9.0,0.0
2021,7,sainz,5,11,11,0.0,18.0,0.0
2021,7,russell,14,12,12,0.0,13.0,0.0
2021,7,tsunoda,0,13,13,0.0,19.0,0.0
2021,7,ocon,11,14,14,0.0,15.0,0.0
2021,7,giovinazzi,13,15,15,0.0,16.0,0.0
2021,7,leclerc,7,16,16,0.0,8.0,0.0
2021,7,raikkonen,17,17,17,0.0,10.0,0.0
2021,7,latifi,16,18,18,0.0,12.0,0.0
2021,7,mick_schumacher,15,19,19,0.0,17.0,0.0
2021,7,mazepin,18,20,20,0.0,20.0,0.0
2021,8,max_verstappen,1,1,1,25.0,3.0,0.0
2021,8,hamilton,2,2,2,19.0,1.0,0.0
2021,8,bottas,5,3,3,15.0,5.0,0.0
2021,8,perez,4,4,4,12.0,2.0,0.0
2021,8,norris,3,5,5,10.0,7.0,0.0
2021,8,sainz,12,6,6,8.0,4.0,0.0
2021,8,leclerc,7,7,7,6.0,6.0,0.0
2021,8,stroll,9,8,8,4.0,14.0,0.0
2021,8,alonso,8,9,9,2.0,13.0,0.0
2021,8,tsunoda,11,10,10,1.0,11.0,0.0
2021,8,raikkonen,18,11,11,0.0,8.0,0.0
2021,8,vettel,14,12,12,0.0,15.0,0.0
2021,8,ricciardo,13,13,13,0.0,9.0,0.0
2021,8,ocon,17,14,14,0.0,10.0,0.0
2021,8,giovinazzi,15,15,15,0.0,12.0,0.0
2021,8,mick_schumacher,19,16,16,0.0,16.0,0.0
2021,8,latifi,16,17,17,0.0,17.0,0.0
2021,8,mazepin,20,18,18,0.0,19.0,0.0
2021,8,russell,10,19,R,0.0,18.0,0.0
2021,8,gasly,6,20,R,0.0,,0.0
2021,9,max_verstappen,1,1,1,26.0,1.0,0.0
2021,9,bottas,5,2,2,18.0,6.0,0.0
2021,9,norris,2,3,3,15.0,10.0,0.0
2021,9,hamilton,4,4,4,12.0,3.0,0.0
2021,9,sainz,10,5,5,10.0,2.0,0.0
2021,9,perez,3,6,6,8.0,5.0,0.0
2021,9,ricciardo,13,7,7,6.0,14.0,0.0
2021,9,leclerc,12,8,8,4.0,13.0,0.0
2021,9,gasly,6,9,9,2.0,4.0,0.0
2021,9,alonso,14,10,10,1.0,7.0,0.0
2021,9,russell,8,11,11,0.0,16.0,0.0
2021,9,tsunoda,7,12,12,0.0,9.0,0.0
2021,9,stroll,9,13,13,0.0,12.0,0.0
2021,9,giovinazzi,15,14,14,0.0,17.0,0.0
2021,9,raikkonen,16,15,15,0.0,15.0,0.0
2021,9,latifi,18,16,16,0.0,11.0,0.0
2021,9,vettel,11,17,17,0.0,8.0,0.0
2021,9,mick_schumacher,19,18,18,0.0,18.0,0.0
2021,9,mazepin,20,19,19,0.0,19.0,0.0
2021,9,ocon,17,20,R,0.0,,0.0
2022,1,leclerc,1,1,1,26.0,1.0,0.0
2022,1,sainz,3,2,2,18.0,3.0,0.0
2022,1,hamilton,5,3,3,15.0,5.0,0.0
2022,1,russell,9,4,4,12.0,6.0,0.0
2022,1,kevin_magnussen,7,5,5,10.0,8.0,0.0
2022,1,bottas,6,6,6,8.0,7.0,0.0
2022,1,ocon,11,7,7,6.0,14.0,0.0
2022,1,tsunoda,16,8,8,4.0,13.0,0.0
2022,1,alonso,8,9,9,2.0,10.0,0.0
2022,1,zhou,15,10,10,1.0,9.0,0.0
2022,1,mick_schumacher,12,11,11,0.0,11.0,0.0
2022,1,stroll,19,12,12,0.0,15.0,0.0
2022,1,albon,14,13,13,0.0,18.0,0.0
2022,1,ricciardo,18,14,14,0.0,16.0,0.0
2022,1,norris,13,15,15,0.0,12.0,0.0
2022,1,latifi,20,16,16,0.0,20.0,0.0
2022,1,hulkenberg,17,17,17,0.0,19.0,0.0
2022,1,perez,4,18,18,0.0,4.0,0.0
2022,1,max_verstappen,2,19,19,0.0,2.0,0.0
2022,1,gasly,10,20,R,0.0,17.0,0.0
2022,10,sainz,1,1,1,25.0,2.0,0.0
2022,10,perez,4,2,2,18.0,3.0,0.0
2022,10,hamilton,5,3,3,16.0,1.0,0.0
2022,10,leclerc,3,4,4,12.0,4.0,0.0
2022,10,alonso,7,5,5,10.0,5.0,0.0
2022,10,norris,6,6,6,8.0,6.0,0.0
2022,10,max_verstappen,2,7,7,6.0,8.0,0.0
2022,10,mick_schumacher,19,8,8,4.0,7.0,0.0
2022,10,vettel,18,9,9,2.0,10.0,0.0
2022,10,kevin_magnussen,17,10,10,1.0,12.0,0.0
2022,10,stroll,20,11,11,0.0,9.0,0.0
2022,10,latifi,10,12,12,0.0,13.0,0.0
2022,10,ricciardo,14,13,13,0.0,11.0,0.0
2022,10,tsunoda,13,14,14,0.0,15.0,0.0
2022,10,ocon,15,15,R,0.0,14.0,0.0
2022,10,gasly,11,16,R,0.0,16.0,0.0
2022,10,bottas,12,17,R,0.0,17.0,0.0
2022,10,russell,8,18,R,0.0,,0.0
2022,10,zhou,9,19,R,0.0,,0.0
2022,10,albon,16,20,R,0.0,,0.0
2022,11,leclerc,2,1,1,25.0,2.0,7.0
2022,11,max_verstappen,1,2,2,19.0,1.0,8.0
2022,11,hamilton,9,3,3,15.0,5.0,1.0
2022,11,russell,4,4,4,12.0,6.0,5.0
2022,11,ocon,5,5,5,10.0,10.0,3.0
2022,11,mick_schumacher,7,6,6,8.0,11.0,0.0
2022,11,norris,15,7,7,6.0,8.0,0.0
2022,11,kevin_magnussen,6,8,8,4.0,14.0,2.0
2022,11,ricciardo,16,9,9,2.0,13.0,0.0
2022,11,alonso,8,10,10,1.0,3.0,0.0
2022,11,bottas,12,11,11,0.0,7.0,0.0
2022,11,albon,11,12,12,0.0,12.0,0.0
2022,11,stroll,17,13,13,0.0,17.0,0.0
2022,11,zhou,18,14,14,0.0,9.0,0.0
2022,11,gasly,10,15,15,0.0,18.0,0.0
2022,11,tsunoda,14,16,16,0.0,16.0,0.0
2022,11,vettel,20,17,17,0.0,15.0,0.0
2022,11,sainz,3,18,R,0.0,4.0,6.0
2022,11,latifi,19,19,R,0.0,19.0,0.0
2022,11,perez,13,20,R,0.0,20.0,4.0
2022,2,max_verstappen,4,1,1,25.0,2.0,0.0
2022,2,leclerc,2,2,2,19.0,1.0,0.0
2022,2,sainz,3,3,3,15.0,3.0,0.0
2022,2,perez,1,4,4,12.0,4.0,0.0
2022,2,russell,6,5,5,10.0,7.0,0.0
2022,2,ocon,5,6,6,8.0,9.0,0.0
2022,2,norris,11,7,7,6.0,5.0,0.0
2022,2,gasly,9,8,8,4.0,10.0,0.0
2022,2,kevin_magnussen,10,9,9,2.0,6.0,0.0
2022,2,hamilton,15,10,10,1.0,8.0,0.0
2022,2,zhou,12,11,11,0.0,13.0,0.0
2022,2,hulkenberg,17,12,12,0.0,11.0,0.0
2022,2,stroll,13,13,13,0.0,16.0,0.0
2022,2,albon,16,14,14,0.0,15.0,0.0
2022,2,bottas,8,15,R,0.0,14.0,0.0
2022,2,alonso,7,16,R,0.0,12.0,0.0
2022,2,ricciardo,14,17,R,0.0,17.0,0.0
2022,2,latifi,18,18,R,0.0,18.0,0.0
2022,2,tsunoda,19,19,R,0.0,,0.0
2022,2,mick_schumacher,0,20,W,0.0,,0.0
2022,3,leclerc,1,1,1,26.0,1.0,0.0
2022,3,perez,3,2,2,18.0,3.0,0.0
2022,3,russell,6,3,3,15.0,4.0,0.0
2022,3,hamilton,5,4,4,12.0,7.0,0.0
2022,3,norris,4,5,5,10.0,8.0,0.0
2022,3,ricciardo,7,6,6,8.0,9.0,0.0
2022,3,ocon,8,7,7,6.0,10.0,0.0
2022,3,bottas,12,8,8,4.0,5.0,0.0
2022,3,gasly,11,9,9,2.0,13.0,0.0
2022,3,albon,20,10,10,1.0,12.0,0.0
2022,3,zhou,14,11,11,0.0,11.0,0.0
2022,3,stroll,19,12,12,0.0,17.0,0.0
2022,3,mick_schumacher,15,13,13,0.0,14.0,0.0
2022,3,kevin_magnussen,16,14,14,0.0,15.0,0.0
2022,3,tsunoda,13,15,15,0.0,16.0,0.0
2022,3,latifi,18,16,16,0.0,18.0,0.0
2022,3,alonso,10,17,17,0.0,2.0,0.0
2022,3,max_verstappen,2,18,R,0.0,6.0,0.0
2022,3,vettel,17,19,R,0.0,19.0,0.0
2022,3,sainz,9,20,R,0.0,,0.0
2022,4,max_verstappen,1,1,1,26.0,1.0,8.0
2022,4,perez,3,2,2,18.0,3.0,6.0
2022,4,norris,5,3,3,15.0,7.0,4.0
2022,4,russell,11,4,4,12.0,8.0,0.0
2022,4,bottas,7,5,5,10.0,6.0,2.0
2022,4,leclerc,2,6,6,8.0,2.0,7.0
2022,4,tsunoda,12,7,7,6.0,5.0,0.0
2022,4,vettel,13,8,8,4.0,9.0,0.0
2022,4,kevin_magnussen,8,9,9,2.0,10.0,1.0
2022,4,stroll,15,10,10,1.0,16.0,0.0
2022,4,albon,18,11,11,0.0,17.0,0.0
2022,4,gasly,17,12,12,0.0,15.0,0.0
2022,4,hamilton,14,13,13,0.0,13.0,0.0
2022,4,ocon,16,14,14,0.0,18.0,0.0
2022,4,zhou,0,15,15,0.0,11.0,0.0
2022,4,latifi,19,16,16,0.0,12.0,0.0
2022,4,mick_schumacher,10,17,17,0.0,4.0,0.0
2022,4,ricciardo,6,18,18,0.0,14.0,3.0
2022,4,alonso,9,19,R,0.0,19.0,0.0
2022,4,sainz,4,20,R,0.0,,5.0
2022,5,max_verstappen,3,1,1,26.0,1.0,0.0
2022,5,leclerc,1,2,2,18.0,2.0,0.0
2022,5,sainz,2,3,3,15.0,3.0,0.0
2022,5,perez,4,4,4,12.0,4.0,0.0
2022,5,russell,12,5,5,10.0,5.0,0.0
2022,5,hamilton,6,6,6,8.0,7.0,0.0
2022,5,bottas,5,7,7,6.0,10.0,0.0
2022,5,ocon,20,8,8,4.0,9.0,0.0
2022,5,albon,18,9,9,2.0,15.0,0.0
2022,5,stroll,0,10,10,1.0,12.0,0.0
2022,5,alonso,11,11,11,0.0,13.0,0.0
2022,5,tsunoda,9,12,12,0.0,8.0,0.0
2022,5,ricciardo,14,13,13,0.0,11.0,0.0
2022,5,latifi,19,14,14,0.0,18.0,0.0
2022,5,mick_schumacher,15,15,15,0.0,6.0,0.0
2022,5,kevin_magnussen,16,16,16,0.0,17.0,0.0
2022,5,vettel,0,17,17,0.0,16.0,0.0
2022,5,gasly,7,18,R,0.0,19.0,0.0
2022,5,norris,8,19,R,0.0,14.0,0.0
2022,5,zhou,17,20,R,0.0,20.0,0.0
2022,6,max_verstappen,2,1,1,25.0,4.0,0.0
2022,6,perez,5,2,2,19.0,1.0,0.0
2022,6,russell,4,3,3,15.0,3.0,0.0
2022,6,sainz,3,4,4,12.0,7.0,0.0
2022,6,hamilton,6,5,5,10.0,2.0,0.0
2022,6,bottas,7,6,6,8.0,8.0,0.0
2022,6,ocon,12,7,7,6.0,6.0,0.0
2022,6,norris,11,8,8,4.0,5.0,0.0
2022,6,alonso,20,9,9,2.0,9.0,0.0
2022,6,tsunoda,13,10,10,1.0,10.0,0.0
2022,6,vettel,16,11,11,0.0,18.0,0.0
2022,6,ricciardo,9,12,12,0.0,15.0,0.0
2022,6,gasly,14,13,13,0.0,12.0,0.0
2022,6,mick_schumacher,10,14,14,0.0,16.0,0.0
2022,6,stroll,17,15,15,0.0,11.0,0.0
2022,6,latifi,19,16,16,0.0,14.0,0.0
2022,6,kevin_magnussen,8,17,17,0.0,17.0,0.0
2022,6,albon,18,18,18,0.0,19.0,0.0
2022,6,zhou,15,19,R,0.0,20.0,0.0
2022,6,leclerc,1,20,R,0.0,13.0,0.0
2022,7,perez,3,1,1,25.0,4.0,0.0
2022,7,sainz,2,2,2,18.0,7.0,0.0
2022,7,max_verstappen,4,3,3,15.0,5.0,0.0
2022,7,leclerc,1,4,4,12.0,6.0,0.0
2022,7,russell,6,5,5,10.0,8.0,0.0
2022,7,norris,5,6,6,9.0,1.0,0.0
2022,7,alonso,7,7,7,6.0,3.0,0.0
2022,7,hamilton,8,8,8,4.0,9.0,0.0
2022,7,bottas,12,9,9,2.0,14.0,0.0
2022,7,vettel,9,10,10,1.0,12.0,0.0
2022,7,gasly,17,11,11,0.0,10.0,0.0
2022,7,ocon,10,12,12,0.0,13.0,0.0
2022,7,ricciardo,14,13,13,0.0,11.0,0.0
2022,7,stroll,18,14,14,0.0,15.0,0.0
2022,7,latifi,19,15,15,0.0,18.0,0.0
2022,7,zhou,20,16,16,0.0,17.0,0.0
2022,7,tsunoda,11,17,17,0.0,2.0,0.0
2022,7,albon,16,18,R,0.0,16.0,0.0
2022,7,mick_schumacher,15,19,R,0.0,19.0,0.0
2022,7,kevin_magnussen,13,20,R,0.0,20.0,0.0
2022,8,max_verstappen,3,1,1,25.0,2.0,0.0
2022,8,perez,2,2,2,19.0,1.0,0.0
2022,8,russell,5,3,3,15.0,4.0,0.0
2022,8,hamilton,7,4,4,12.0,3.0,0.0
2022,8,gasly,6,5,5,10.0,16.0,0.0
2022,8,vettel,9,6,6,8.0,12.0,0.0
2022,8,alonso,10,7,7,6.0,8.0,0.0
2022,8,ricciardo,12,8,8,4.0,13.0,0.0
2022,8,norris,11,9,9,2.0,9.0,0.0
2022,8,ocon,13,10,10,1.0,14.0,0.0
2022,8,bottas,15,11,11,0.0,11.0,0.0
2022,8,albon,17,12,12,0.0,7.0,0.0
2022,8,tsunoda,8,13,13,0.0,5.0,0.0
2022,8,mick_schumacher,20,14,14,0.0,15.0,0.0
2022,8,latifi,18,15,15,0.0,20.0,0.0
2022,8,stroll,19,16,16,0.0,10.0,0.0
2022,8,kevin_magnussen,16,17,R,0.0,18.0,0.0
2022,8,zhou,14,18,R,0.0,17.0,0.0
2022,8,leclerc,1,19,R,0.0,6.0,0.0
2022,8,sainz,4,20,R,0.0,19.0,0.0
2022,9,max_verstappen,1,1,1,25.0,2.0,0.0
2022,9,sainz,3,2,2,19.0,1.0,0.0
2022,9,hamilton,4,3,3,15.0,4.0,0.0
2022,9,russell,8,4,4,12.0,5.0,0.0
2022,9,leclerc,19,5,5,10.0,3.0,0.0
2022,9,ocon,7,6,6,8.0,9.0,0.0
2022,9,bottas,11,7,7,6.0,8.0,0.0
2022,9,zhou,10,8,8,4.0,7.0,0.0
2022,9,alonso,2,9,9,2.0,6.0,0.0
2022,9,stroll,17,10,10,1.0,10.0,0.0
2022,9,ricciardo,9,11,11,0.0,13.0,0.0
2022,9,vettel,16,12,12,0.0,15.0,0.0
2022,9,albon,12,13,13,0.0,14.0,0.0
2022,9,gasly,15,14,14,0.0,12.0,0.0
2022,9,norris,14,15,15,0.0,11.0,0.0
2022,9,latifi,18,16,16,0.0,18.0,0.0
2022,9,kevin_magnussen,5,17,17,0.0,16.0,0.0
2022,9,tsunoda,20,18,R,0.0,17.0,0.0
2022,9,mick_schumacher,6,19,R,0.0,20.0,0.0
2022,9,perez,13,20,R,0.0,19.0,0.0
